point_id,latitude,longitude,elevation_m,zone_name
P01,17.7126,83.3180,3.5,RK Beach Shoreline
P02,17.7289,83.3392,4.0,Lawson's Bay Beach
P03,17.6937,83.2985,5.2,Visakhapatnam Port Basin
P04,17.7816,83.3775,4.8,Rushikonda Beachfront
P05,17.7562,83.3567,6.5,Sagar Nagar Lowland Coastal
P06,17.7052,83.3061,8.5,KGH Hospital Vicinity
P07,17.7391,83.3285,12.0,MVP Colony Core
P08,17.7118,83.3005,18.5,Jagadamba Commercial Junction
P09,17.7345,83.3168,22.0,Maddilapalem Transit Ridge
P10,17.7202,83.3142,28.0,Waltair Uplands Ridge
P11,17.7280,83.3210,32.0,AU Engineering Ground
P12,17.6908,83.2104,35.0,Gajuwaka Inland Plateau
P13,17.8042,83.3482,42.0,Madhurawada Valley High
P14,17.7850,83.3720,45.0,Rushikonda Hilltop
P15,17.7667,83.2505,58.0,Simhachalam Hill Base
P16,17.7690,83.2480,62.0,Simhachalam Temple Foothill
